USE ZX_CC_QA;

INSERT INTO `RESTRICTION_WORK` (RESTRICTION_VALUE) VALUES ('00:00:00'),('00:30:00'),('01:00:00'),('01:30:00'),('02:00:00'),('02:30:00'),('03:00:00'),('03:30:00'),('04:00:00'),('04:30:00'),('05:00:00'),('05:30:00'),('06:00:00'),('06:30:00'),('07:00:00'),('07:30:00'),('08:00:00');
INSERT INTO `WORK_GROUP` (WORK_GROUP_NAME) VALUES ('ADM Conferir Documentos'),('OPR Cadastrar GS'),('OPR Cadastrar ZX / Syscom'),('OPR Separar Equipamentos'),('OPR Agendamento'),('OPR Acompanhar Instalação'),('ADM Finalizar e Arquivar');
INSERT INTO `WORK_USER` (WORK_GROUP_ID, COD_USUARIO) VALUES(1,3),(2,12),(2,13),(2,17),(2,24),(3,12),(3,17),(3,19),(3,24),(4,10),(4,11),(5,12),(5,13),(6,10),(6,12),(6,13),(7,3);
INSERT INTO `USER_GROUP_ALERT` (GROUP_ALERT_ID,COD_USUARIO,EMAIL)VALUES (1,20,'fabio@zirix.com.br'),(1,21,'rafael@zirix.com.br'),(1,3,'administrativo@zirix.com.br'),(2,10,'rodrigo.simonin@zirix.com.br'),(2,12,'marcos@zirix.com.br'),(2,13,'thiago@zirix.com.br'),(2,17,'cristiano@zirix.com.br'),(2,24,'henrique@zirix.com.br'),(2,20,'fabio@zirix.com.br'),(2,21,'rafael@zirix.com.br'),(3,10,'rodrigo.simonin@zirix.com.br'),(3,12,'marcos@zirix.com.br'),(3,17,'cristiano@zirix.com.br'),(3,19,'alanderson.zirix@gmail.com'),(3,24,'henrique@zirix.com.br'),(3,20,'fabio@zirix.com.br'),(3,21,'rafael@zirix.com.br'),(4,10,'rodrigo.simonin@zirix.com.br'),(4,11,'leandro.pereira@zirix.com.br'),(4,20,'fabio@zirix.com.br'),(4,21,'rafael@zirix.com.br'),(5,10,'rodrigo.simonin@zirix.com.br'),(5,12,'marcos@zirix.com.br'),(5,13,'thiago@zirix.com.br'),(5,20,'fabio@zirix.com.br'),(5,21,'rafael@zirix.com.br'),(6,20,'fabio@zirix.com.br'),(6,21,'rafael@zirix.com.br'),(6,3,'administrativo@zirix.com.br');
INSERT INTO `WORK_ALERT` (GROUP_ALERT_ID,GROUP_NAME)VALUES (1,'Alerta ADM Conferir Documentos'),(2,'Alerta OPR Cadastrar GS'),(3,'Alerta OPR Cadastrar ZX / Syscom'),(4,'Alerta OPR Separar Equipamentos'),(5,'Alerta OPR Agendamento'),(6,'Alerta ADM Finalizar e Arquivar');
INSERT INTO `DEFINED_PROCESS` (PROCESS_NAME) VALUES ('Ingresso de Novo Pedido Compra-Comodato');
INSERT INTO `DEFINED_PROCESS_STATE` (STATE_NAME,NEXT_STATE_ID,STATE_NUM,PROCESS_ID) VALUES('Conferência de Documentos',2,1,1),('Operacional Etapa 1',3,2,1),('Acompanhamento da Instalação',4,3,1),('Finalização Administrativo',5,4,1),('Finalizado',0,5,1);
INSERT INTO `DEFINED_WORK` (WORK_NAME,PROCESS_ID,RESTRICTION_ID,PROCESS_STATE_ID,WORK_ALERT_ID,WORK_GROUP_ID,DEPENDENCY_WORK_ID) VALUES ('Conferir Documentos',1,5,1,1,1,0),('Cadastro Global Search',1,3,2,2,2,0),('Cadastro ZX Log',1,3,2,3,3,0),('Cadastro Syscom',1,3,2,3,3,0),('Separação de Equipamentos',1,3,2,4,4,0),('Agendamento',1,7,2,5,5,5),('Acompanhar Instalação',1,5,3,5,6,0),('Finalizar e Arquivar',1,3,4,6,7,0);
INSERT INTO `WORK_SERVICE` (SERVICE_NAME,PROCESS_ID,WORK_ID) VALUES ('adm_verifica_novo_pedido',1,1),('opr_cad_globalsearch',1,2),('opr_cad_zxlog',1,3),('opr_cad_syscom',1,4),('opr_separacao_equipamento',1,5),('opr_agendamento',1,6),('opr_acompanha_inst',1,7),('adm_finaliza_processo',1,8);